"profile_id","collector_id"
1,1
2,2
3,3
5,5
6,6
7,7
8,8
9,9
12,12
13,13
14,14
15,15
16,16
17,17
18,18
19,19
20,20
21,21
22,22
23,23
24,24
25,25
29,29
30,30
31,33
32,35
33,36
35,38
36,39
37,40
49,52
50,53
51,54
52,55
53,56
54,57
55,58
56,59
57,60
58,61
59,62
60,63
61,64
62,65
64,67
65,68
66,69
68,71
69,72
70,73
71,74
72,75
73,76
74,77
75,78
76,79
77,80
78,81
79,82
80,83
81,84
82,85
83,86
84,87
85,88
86,89
87,90
88,91
89,92
90,93
91,94
92,95
93,96
94,97
95,98
96,99
97,100
98,101
99,102
100,103
101,104
102,105
103,106
104,107
105,108
106,109
107,110
108,111
109,112
110,113
111,114
112,115
114,117
115,118
116,119
117,120
118,121
119,122
120,123
121,124
122,125
123,126
124,127
126,129
127,130
128,131
129,132
130,133
131,134
132,135
133,136
134,137
135,138
136,139
137,140
138,141
139,142
140,143
141,144
142,145
143,146
144,147
145,148
146,149
147,150
148,151
149,152
150,153
151,154
152,155
153,156
154,157
155,158
156,159
157,160
158,161
159,162
160,163
161,164
162,165
163,166
164,167
166,169
167,170
168,171
169,172
170,173
171,174
172,175
173,176
174,177
175,178
176,179
177,180
178,181
179,182
181,184
182,185
183,186
184,187
185,188
187,190
188,191
189,192
190,193
191,194
192,195
194,197
195,198
196,199
197,200
198,201
199,202
200,203
201,204
202,205
203,206
204,207
205,208
206,209
207,210
208,211
210,213
211,214
212,215
213,216
214,217
215,218
216,219
217,220
218,221
219,222
220,223
221,224
222,225
223,226
224,227
225,228
226,229
227,230
228,231
229,232
230,233
231,234
232,235
233,237
234,238
235,239
236,240
237,241
238,242
239,243
240,244
241,245
242,246
243,247
244,248
245,249
246,250
247,251
248,252
249,253
250,254
252,256
253,257
254,258
255,259
256,260
257,261
258,262
259,263
260,264
261,265
262,266
263,267
264,268
265,269
266,270
267,271
268,272
269,273
270,274
271,275
272,276
273,277
274,278
275,279
276,280
277,281
278,282
279,283
280,284
281,285
282,286
283,287
284,288
285,289
286,290
287,291
288,292
289,293
290,294
291,295
292,296
293,297
294,298
295,299
296,300
297,301
298,302
299,303
300,304
301,305
302,306
303,307
304,308
305,309
306,310
307,311
308,312
309,313
310,314
311,315
312,316
313,317
314,318
315,319
316,320
317,321
318,322
319,323
320,324
321,325
322,326
323,327
324,328
325,329
326,330
327,331
328,332
329,333
330,334
332,336
333,337
334,338
335,339
336,340
337,341
338,342
339,343
340,344
341,345
342,346
343,347
344,348
345,349
346,350
347,351
348,352
349,353
350,354
351,355
352,356
353,357
354,358
355,359
356,360
357,361
358,362
359,363
360,364
361,365
362,366
363,367
364,368
365,369
366,370
367,371
369,373
370,374
371,375
372,376
373,377
374,378
375,379
376,380
377,381
378,382
379,383
380,384
381,385
382,386
383,387
384,388
385,389
386,390
387,391
388,392
389,393
390,394
391,395
392,396
393,397
394,398
396,400
397,401
398,402
399,403
400,404
401,405
402,406
403,407
404,408
405,409
406,410
407,411
408,412
409,413
410,414
411,415
412,416
413,417
414,418
415,419
416,420
417,421
418,422
419,423
420,424
421,425
422,426
423,427
424,428
425,429
426,430
427,431
428,432
429,433
430,434
431,435
432,436
433,437
434,438
435,439
436,440
438,442
439,443
440,444
441,445
442,446
443,447
444,448
445,449
446,450
447,451
448,452
449,453
450,454
451,455
452,456
453,457
454,458
455,459
456,460
457,461
458,462
459,463
460,464
461,465
462,466
463,467
464,468
465,469
466,470
467,471
468,472
469,473
470,474
471,475
472,476
473,477
474,478
475,479
476,480
477,481
478,482
479,483
480,484
481,485
482,486
483,487
484,488
485,489
486,490
487,491
488,492
489,493
490,494
491,495
492,496
493,497
494,498
495,499
496,500
497,501
498,502
499,503
500,504
502,506
503,507
504,508
505,509
506,510
507,511
508,512
509,513
510,514
511,515
512,516
513,517
514,518
515,519
516,520
517,521
518,522
519,523
520,524
521,525
522,526
523,527
524,528
525,529
526,530
527,531
528,532
529,533
530,534
531,535
532,536
533,537
534,538
535,539
536,540
537,541
538,542
539,543
540,544
541,545
542,546
543,547
544,548
545,549
546,550
547,551
548,552
549,553
552,556
553,557
556,560
557,561
558,562
559,563
560,564
561,565
562,566
563,567
564,568
565,569
566,570
567,571
568,572
569,573
570,574
571,575
572,576
573,577
574,578
575,579
576,580
577,581
578,582
579,583
580,584
581,585
582,586
583,587
584,588
585,589
586,590
587,591
588,592
589,593
590,594
591,595
592,596
593,597
594,598
595,599
596,600
597,601
598,602
599,603
600,604
601,605
602,606
603,607
604,608
605,609
606,610
608,612
609,613
610,614
611,615
615,619
617,621
618,622
620,624
621,625
622,626
623,627
624,628
625,629
626,630
627,631
628,632
629,633
630,634
631,635
632,636
633,637
634,638
635,639
636,640
637,641
638,642
639,643
640,644
641,645
642,646
643,647
644,648
645,649
646,650
647,651
648,652
649,653
650,654
651,655
652,656
653,657
654,658
655,659
656,660
659,661
657,662
658,663
660,664
661,665
662,666
663,667
664,668
665,669
666,670
667,671
668,672
669,673
670,674
671,675
672,676
673,677
674,678
675,679
676,680
677,681
678,682
679,683
680,684
681,685
682,686
683,687
684,688
685,689
686,690
687,691
688,692
689,693
690,694
691,695
692,696
693,697
695,699
696,700
697,701
698,702
699,703
700,704
701,705
702,706
703,707
704,708
705,709
706,710
707,711
708,712
709,713
710,714
711,715
712,716
713,717
714,718
715,719
716,720
717,721
718,722
719,723
720,724
721,725
722,726
723,727
724,728
725,729
726,730
727,731
728,732
729,733
730,734
731,735
732,736
733,737
734,746
735,747
736,748
737,749
738,750
739,751
740,752
741,753
742,754
743,755
744,756
745,757
746,758
747,759
748,760
749,761
750,762
751,763
752,764
753,765
754,766
755,767
756,768
757,769
758,770
759,771
760,772
761,773
762,774
763,775
764,776
765,777
766,778
767,779
768,780
769,781
770,782
771,783
772,784
773,785
774,786
775,787
776,788
777,790
779,791
780,792
781,793
782,794
783,795
784,796
785,797
786,798
787,799
788,800
789,801
790,802
791,803
792,804
793,805
794,807
795,808
796,809
798,810
799,811
800,812
801,813
802,814
803,815
804,816
805,817
806,818
807,819
808,820
809,821
810,822
811,823
812,824
813,825
814,826
815,827
816,828
817,829
818,830
819,831
820,832
821,833
822,834
823,835
825,837
826,838
827,839
828,840
829,841
830,842
831,843
832,844
833,845
834,846
835,847
836,848
837,849
838,850
839,851
840,852
841,853
842,854
843,855
844,856
845,857
846,858
847,859
848,860
849,861
850,862
851,863
852,864
853,865
854,866
855,867
856,868
857,869
858,870
859,871
860,872
861,873
862,874
863,875
864,876
865,877
866,878
867,879
868,880
869,881
870,882
871,883
872,884
873,885
874,886
875,887
876,888
877,889
878,890
879,891
880,892
881,893
882,894
883,895
884,896
885,904
886,905
887,906
888,907
889,908
890,909
891,910
892,911
893,912
894,913
895,914
896,915
897,916
898,917
899,918
900,919
901,920
902,921
903,922
904,923
905,924
906,925
907,926
908,927
909,928
912,931
913,932
915,934
916,935
917,936
918,937
919,938
920,939
921,940
922,941
923,942
924,943
925,944
926,945
927,946
928,947
929,948
930,949
931,950
932,951
933,952
934,953
935,954
936,955
937,956
938,957
939,958
940,959
941,960
942,961
943,962
944,963
945,964
946,965
948,967
949,968
950,969
951,970
952,971
953,972
955,974
956,975
957,976
958,977
959,978
960,979
961,980
962,981
963,982
964,983
965,984
966,986
967,987
968,988
969,989
970,990
971,991
972,992
973,993
974,994
975,995
976,996
977,997
978,998
979,999
980,1000
981,1001
982,1002
983,1003
984,1004
985,1005
986,1006
987,1007
988,1008
989,1009
990,1010
991,1011
992,1012
993,1013
994,1014
995,1015
996,1016
997,1017
998,1018
999,1019
1000,1020
1001,1021
1002,1022
1003,1023
1004,1024
1005,1025
1006,1026
1007,1027
1008,1028
1009,1029
1010,1030
1011,1031
1012,1032
1013,1033
1014,1034
1015,1035
1016,1036
1017,1037
1018,1038
1019,1039
1020,1040
1021,1041
1022,1042
1023,1043
1024,1044
1025,1045
1026,1046
1027,1047
1028,1048
1030,1050
1031,1051
1032,1052
1033,1053
1034,1054
1035,1055
1036,1056
1037,1057
1038,1058
1039,1059
1040,1060
1041,1061
1042,1062
1043,1063
1044,1064
1045,1065
1046,1066
1047,1067
1048,1068
1049,1069
1050,1070
1051,1071
1052,1072
1053,1073
1054,1074
1055,1075
1056,1076
1057,1077
1058,1078
1059,1079
1060,1080
1061,1081
1062,1082
1063,1083
1064,1084
1065,1085
1066,1086
1067,1087
1068,1088
1069,1089
1070,1090
1071,1091
1072,1092
1073,1093
1078,1098
1079,1099
1080,1100
1081,1101
1082,1102
1083,1103
1084,1104
1085,1105
1086,1106
1087,1107
1088,1108
1089,1109
1090,1110
1091,1111
1092,1112
1093,1113
1094,1114
1095,1115
1096,1116
1097,1117
1098,1118
1099,1119
1100,1120
1101,1121
1102,1122
1103,1123
1104,1124
1105,1125
1106,1126
1107,1127
1108,1128
1109,1129
1110,1130
1111,1131
1112,1132
1113,1133
1114,1134
1115,1135
1116,1136
1118,1138
1119,1139
1120,1140
1121,1141
1122,1142
1123,1143
1124,1144
1125,1145
1126,1146
1127,1147
1128,1148
1129,1149
1130,1150
1131,1151
1132,1152
1133,1153
1134,1154
1135,1155
1136,1156
1137,1157
1138,1158
1139,1159
1140,1160
1141,1161
1142,1162
1143,1163
1144,1164
1145,1165
1146,1166
1147,1167
1148,1168
1149,1169
1150,1170
1151,1171
1152,1172
1153,1173
1154,1174
1155,1175
1156,1176
1157,1177
1158,1178
1159,1179
1160,1180
1161,1181
1162,1182
1163,1183
1164,1184
1165,1185
1166,1186
1167,1187
1168,1188
1169,1189
1170,1190
1171,1191
1172,1192
1173,1193
1174,1194
1175,1195
1176,1196
1177,1197
1178,1198
1179,1199
1180,1200
1181,1201
1182,1202
1183,1203
1184,1204
1185,1205
1186,1206
1187,1207
1188,1208
1189,1209
1190,1210
1191,1211
1192,1212
1193,1213
1194,1214
1195,1215
1196,1216
1197,1217
1198,1218
1199,1219
1200,1220
1201,1221
1202,1222
1203,1223
1204,1224
1206,1226
1207,1227
1208,1228
1209,1229
1210,1230
1211,1231
1212,1232
1213,1233
1214,1234
1215,1235
1216,1236
1217,1237
1218,1238
1219,1239
1220,1240
1221,1241
1222,1242
1223,1243
1224,1244
1225,1245
1226,1246
1227,1247
1228,1248
1229,1249
1230,1250
1231,1251
1232,1252
1233,1253
1234,1254
1235,1255
1236,1256
1237,1257
1238,1258
1239,1259
1240,1260
1241,1261
1242,1262
1243,1263
1244,1264
1245,1265
1246,1266
1248,1268
1249,1269
1250,1270
1251,1271
1252,1272
1253,1273
1254,1274
1255,1275
1256,1276
1257,1277
1258,1278
1260,1280
1261,1281
1262,1282
1263,1283
1264,1284
1265,1285
1266,1286
1267,1287
1268,1288
1269,1289
1270,1290
1271,1291
1272,1292
1273,1293
1274,1294
1275,1295
1276,1296
1278,1298
1279,1299
1280,1300
1281,1301
1282,1302
1283,1303
1284,1304
1285,1305
1286,1306
1288,1308
1290,1310
1291,1311
1292,1312
1293,1313
1294,1314
1295,1315
1296,1316
1297,1317
1298,1318
1299,1319
1300,1320
1301,1321
1302,1322
1303,1323
1304,1324
1305,1325
1306,1326
1308,1328
1310,1330
1311,1331
1312,1332
1313,1333
1314,1334
1315,1335
1316,1336
1317,1337
1318,1338
1319,1339
1320,1340
1321,1341
1322,1342
1323,1343
1324,1344
1325,1345
1326,1346
1327,1347
1328,1348
1329,1349
1330,1350
1331,1351
1332,1352
1333,1353
1334,1354
1336,1356
1337,1357
1338,1358
1339,1359
1340,1360
1341,1361
1342,1362
1343,1363
1344,1364
1345,1365
1346,1366
1347,1367
1348,1368
1349,1369
1350,1370
1351,1371
1352,1372
1353,1373
1354,1374
1355,1375
1356,1376
1357,1377
1358,1378
1359,1379
1360,1380
1361,1381
1362,1382
1363,1383
1364,1384
1365,1385
1367,1387
1368,1388
1369,1389
1370,1390
1371,1391
1372,1392
1373,1393
1374,1394
1375,1395
1376,1396
1377,1397
1378,1398
1379,1399
1380,1400
1381,1401
1382,1402
1383,1403
1384,1404
1385,1405
1386,1406
1387,1407
1388,1408
1389,1409
1390,1410
1391,1411
1392,1412
1393,1413
1394,1414
1395,1415
1396,1416
1397,1417
1398,1418
1399,1419
1400,1420
1401,1421
1402,1422
1403,1423
1404,1424
1405,1425
1406,1426
1407,1427
1408,1428
1410,1430
1411,1431
1412,1432
1413,1433
1414,1434
1415,1435
1416,1436
1417,1437
1418,1438
1419,1439
1420,1440
1421,1441
1422,1442
1423,1443
1424,1444
1425,1445
1426,1446
1427,1447
1428,1448
1429,1449
1430,1450
1431,1451
1432,1452
1433,1453
1434,1454
1435,1455
1436,1456
1437,1457
1438,1458
1439,1459
1440,1460
1441,1461
1442,1462
1443,1463
1444,1464
1445,1465
1446,1466
1447,1467
1448,1468
1449,1469
1450,1470
1451,1471
1452,1472
1453,1473
1454,1474
1455,1475
1456,1476
1457,1477
1458,1478
1459,1479
1460,1480
1461,1481
1462,1482
1463,1483
1464,1484
1465,1485
1466,1486
1467,1487
1468,1488
1469,1489
1470,1490
1471,1491
1472,1492
1473,1493
1474,1494
1475,1495
1476,1496
1477,1497
1478,1498
1479,1499
1480,1500
1481,1501
1482,1502
1483,1503
1484,1504
1485,1505
1486,1506
1487,1507
1488,1508
1489,1509
1490,1510
1491,1511
1493,1513
1494,1514
1495,1515
1496,1516
1497,1517
1498,1518
1501,1521
1502,1522
1503,1523
1504,1524
1505,1525
1506,1526
1507,1527
1508,1528
1509,1529
1510,1530
1511,1531
1512,1532
1513,1533
1514,1534
1515,1535
1516,1536
1517,1537
1518,1538
1519,1539
1520,1540
1521,1541
1522,1542
1523,1543
1524,1544
1525,1545
1526,1546
1527,1547
1528,1548
1529,1549
1530,1550
1531,1551
1533,1553
1534,1554
1535,1555
1536,1556
1537,1557
1538,1558
1539,1559
1540,1560
1541,1561
1542,1562
1543,1563
1544,1564
1545,1565
1546,1566
1547,1567
1548,1568
1549,1569
1550,1570
1551,1571
1552,1572
1553,1573
1554,1574
1555,1575
1556,1576
1557,1577
1558,1578
1559,1579
1560,1580
1561,1581
1562,1582
1563,1583
1564,1584
1565,1585
1566,1586
1567,1587
1568,1588
1569,1589
1570,1590
1571,1591
1572,1592
1573,1593
1574,1594
1575,1595
1576,1596
1577,1597
1578,1598
1579,1599
1580,1600
1581,1601
1582,1602
1583,1603
1584,1604
1585,1605
1586,1606
1587,1607
1588,1608
1589,1609
1590,1610
1591,1611
1592,1612
1593,1613
1594,1614
1595,1615
1597,1617
1598,1618
1599,1619
1600,1620
1601,1621
1602,1622
1603,1623
1604,1624
1605,1625
1606,1626
1607,1627
1608,1628
1610,1630
1611,1631
1612,1632
1613,1633
1614,1634
1615,1635
1616,1636
1617,1637
1618,1638
1619,1639
1620,1640
1622,1642
1623,1643
1624,1644
1626,1646
1627,1647
1628,1648
1629,1649
1630,1650
1631,1651
1632,1652
1633,1653
1634,1654
1635,1655
1636,1656
1637,1657
1638,1658
1639,1659
1640,1660
1641,1661
1642,1662
1643,1663
1644,1664
1645,1665
1646,1666
1647,1667
1648,1668
1649,1669
1650,1670
1651,1671
1652,1672
1653,1673
1654,1674
1655,1675
1657,1677
1658,1678
1659,1679
1660,1680
1661,1681
1663,1683
1664,1684
1665,1685
1666,1686
1667,1687
1668,1688
1669,1689
1670,1690
1671,1691
1676,1696
1678,1698
1679,1699
1680,1700
1681,1701
1683,1703
1684,1704
1685,1705
1687,1707
1689,1709
1690,1710
1693,1713
1696,1716
1699,1719
1700,1720
1701,1721
1702,1722
1703,1723
1704,1724
1705,1725
1706,1726
1707,1727
1708,1728
1709,1729
1710,1730
1711,1731
1712,1732
1713,1733
1714,1734
1715,1735
1716,1736
1717,1737
1718,1738
1719,1739
1720,1740
1721,1741
1722,1742
1723,1743
1724,1744
1725,1745
1726,1746
1727,1747
1728,1748
1730,1750
1734,1754
1739,1759
1741,1761
1742,1762
1743,1763
1745,1765
1749,1769
1751,1771
1753,1773
1766,1786
1768,1788
1782,1802
1787,1807
1799,1819
1801,1821
1811,1831
1821,1841
1823,1843
1824,1844
1846,1866
1852,1872
1853,1873
1879,1899
1880,1900
1887,1907
1899,1919
1908,1928
1909,1929
1928,1948
1934,1954
1941,1961
1942,1962
1943,1963
1944,1964
1950,1970
1956,1976
1958,1978
1960,1980
1962,1982
1963,1983
1964,1984
1965,1985
1966,1986
1967,1987
1968,1988
1969,1989
1970,1990
1971,1991
1972,1992
1973,1993
1974,1994
1975,1995
1976,1996
1977,1997
1978,1998
1979,1999
1980,2000
1982,2002
1983,2003
1984,2004
1985,2005
1986,2006
1987,2007
1988,2008
1989,2009
1990,2010
1991,2011
1992,2012
1993,2013
1994,2014
1995,2015
1996,2016
1997,2017
1999,2019
2000,2020
2002,2022
2003,2023
2004,2024
2005,2025
2006,2026
2007,2027
2008,2028
2009,2029
2011,2031
2012,2032
2013,2033
2014,2034
2015,2035
2017,2037
2018,2038
2019,2039
2020,2040
2021,2041
2022,2042
2023,2043
2024,2044
2026,2046
2027,2047
2028,2048
2029,2049
2030,2050
2031,2051
2032,2052
2033,2053
2034,2054
2035,2055
2036,2056
2037,2057
2038,2058
2039,2059
2040,2060
2041,2061
2042,2062
2043,2063
2044,2064
2047,2067
2048,2068
2049,2069
2050,2070
2051,2071
2052,2072
2053,2073
2055,2075
2056,2076
2057,2077
2058,2078
2059,2079
2060,2080
2061,2081
2063,2083
2064,2084
2065,2085
2066,2086
2067,2087
2068,2088
2069,2089
2070,2090
2071,2091
2072,2092
2073,2093
2074,2094
2075,2095
2076,2096
2077,2097
2079,2099
2080,2100
2081,2101
2082,2102
2083,2103
2084,2104
2085,2105
2086,2106
2087,2107
2088,2108
2089,2109
2090,2110
2091,2111
2092,2112
2093,2113
2094,2114
2095,2115
2096,2116
2097,2117
2098,2118
2099,2119
2100,2120
2101,2121
2102,2122
2103,2123
2106,2126
2107,2127
2108,2128
2109,2129
2110,2130
2111,2131
2112,2132
2115,2135
2116,2136
2117,2137
2118,2138
2119,2139
2120,2140
2121,2141
2122,2142
2123,2143
2125,2145
2126,2146
2127,2147
2128,2148
2129,2149
2130,2150
2131,2151
2132,2152
2133,2153
2134,2154
2136,2156
2137,2157
2138,2158
2139,2159
2141,2161
2142,2162
2143,2163
2144,2164
2145,2165
2146,2166
2147,2167
2148,2168
2149,2169
2150,2170
2151,2171
2153,2173
2155,2175
2156,2176
2157,2177
2158,2178
2159,2179
2160,2180
2161,2181
2162,2182
2163,2183
2164,2184
2165,2185
2166,2186
2167,2187
2168,2188
2169,2189
2170,2190
2171,2191
2172,2192
2173,2193
2174,2194
2175,2195
2176,2196
2177,2197
2178,2198
2179,2199
2180,2200
2181,2201
2182,2202
2183,2203
2184,2204
2185,2205
2186,2206
2187,2207
2188,2208
2189,2209
2190,2210
2191,2211
2192,2212
2193,2213
2194,2214
2195,2215
2196,2216
2197,2217
2198,2218
2199,2219
2200,2220
2201,2221
2202,2222
2203,2223
2204,2224
2205,2225
2206,2226
2207,2227
2208,2228
2209,2229
2210,2230
2211,2231
2213,2233
2214,2234
2215,2235
2216,2236
2217,2237
2219,2239
2241,2261
2242,2262
2244,2264
2246,2266
2247,2267
2250,2270
2251,2271
2252,2272
2253,2273
2254,2274
2255,2275
2256,2276
2259,2279
2260,2280
2261,2281
2262,2282
2263,2283
2264,2284
2265,2285
2266,2286
2268,2288
2269,2289
2270,2290
2271,2291
2274,2294
2275,2295
2276,2296
2277,2297
2278,2298
2279,2299
2280,2300
2281,2301
2282,2302
2284,2304
2285,2305
2287,2307
2288,2308
2289,2309
2290,2310
2291,2311
2292,2312
2293,2313
2294,2314
2295,2315
2296,2316
2300,2320
2311,2331
2323,2343
2330,2350
2331,2351
2335,2355
2336,2356
2339,2359
2341,2361
2342,2362
2345,2365
2346,2366
2349,2369
2350,2370
2351,2371
2352,2372
2353,2373
2354,2374
2356,2376
2357,2377
2360,2380
2361,2381
2362,2382
2363,2383
2364,2384
2365,2385
2366,2386
2367,2387
2368,2388
2369,2389
2370,2390
2371,2391
2372,2392
2375,2395
2376,2396
2377,2397
2378,2398
2380,2400
2381,2401
2382,2402
2383,2403
2384,2404
2385,2405
2386,2406
2387,2407
2388,2408
2389,2409
2390,2410
2391,2411
2392,2412
2393,2413
2394,2414
2395,2415
2396,2416
2397,2417
2398,2418
2400,2420
2401,2421
2402,2422
2404,2424
2405,2425
2406,2426
2408,2428
2409,2429
2410,2430
2411,2431
2412,2432
2413,2433
2414,2434
2415,2435
2416,2436
2417,2437
2419,2439
2420,2440
2421,2441
2422,2442
2423,2443
2424,2444
2425,2445
2426,2446
2427,2447
2428,2448
2429,2449
2430,2450
2431,2451
2432,2452
2433,2453
2434,2454
2435,2455
2436,2456
2437,2457
2438,2458
2439,2459
2440,2460
2441,2461
2442,2462
2443,2463
2444,2464
2445,2465
2446,2466
2447,2467
2448,2468
2449,2469
2450,2470
2452,2472
2453,2473
2454,2474
2455,2475
2456,2476
2457,2477
2458,2478
2459,2479
2460,2480
2461,2481
2462,2482
2463,2483
2464,2484
2465,2485
2466,2486
2467,2487
2468,2488
2469,2489
2470,2490
2471,2491
2472,2492
2473,2493
2474,2494
2475,2495
2476,2496
2477,2497
2478,2498
2479,2499
2480,2500
2481,2501
2482,2502
2484,2504
2486,2506
2487,2507
2488,2508
2489,2509
2491,2511
2492,2512
2493,2513
2494,2514
2495,2515
2498,2518
2499,2519
2500,2520
2501,2521
2502,2522
2503,2523
2504,2524
2505,2525
2506,2526
2507,2527
2508,2528
2509,2529
2510,2530
2511,2531
2512,2532
2513,2533
2514,2534
2515,2535
2516,2536
2517,2537
2519,2539
2521,2541
2522,2542
2523,2543
2524,2544
2525,2545
2526,2546
2528,2548
2529,2549
2530,2550
2531,2551
2532,2552
2533,2553
2534,2554
2535,2555
2537,2557
2538,2558
2539,2559
2540,2560
2541,2561
2542,2562
2543,2563
2544,2564
2545,2565
2546,2566
2547,2567
2548,2568
2549,2569
2550,2570
2551,2571
2552,2572
2553,2573
2554,2574
2556,2576
2557,2577
2558,2578
2559,2579
2560,2580
2562,2582
2564,2584
2566,2586
2567,2587
2568,2588
2569,2589
2571,2591
2573,2593
2576,2596
2578,2598
2579,2599
2580,2600
2581,2601
2583,2603
2584,2604
2586,2606
2587,2607
2588,2608
2589,2609
2590,2610
2591,2611
2593,2613
2594,2614
2595,2615
2596,2616
2597,2617
2598,2618
2599,2619
2600,2620
2601,2621
2602,2622
2604,2624
2606,2626
2607,2627
2608,2628
2609,2629
2610,2630
2611,2631
2612,2632
2613,2633
2614,2634
2615,2635
2616,2636
2617,2637
2618,2638
2620,2640
2621,2641
2622,2642
2623,2643
2624,2644
2625,2645
2626,2646
2627,2647
2628,2648
2629,2649
2630,2650
2631,2651
2633,2653
2634,2654
2635,2655
2636,2656
2637,2657
2638,2658
2639,2659
2640,2660
2641,2661
2642,2662
2643,2663
2644,2664
2645,2665
2646,2666
2647,2667
2648,2668
2649,2669
2650,2670
2651,2671
2652,2672
2653,2673
2654,2674
2657,2682
2658,2683
2659,2684
2660,2685
2661,2686
2662,2687
2664,2689
2665,2690
2666,2691
2667,2692
2668,2693
2669,2694
2670,2695
2672,2697
2673,2698
2674,2699
2675,2700
2676,2701
2677,2702
2678,2703
2679,2704
2680,2705
2681,2706
2682,2707
2683,2708
2684,2709
2685,2710
2686,2711
2687,2712
2688,2713
2689,2714
2690,2715
2691,2716
2692,2717
2693,2718
2694,2719
2695,2720
2696,2721
2697,2722
2698,2723
2699,2724
2700,2725
2701,2726
2702,2727
2703,2728
2704,2729
2705,2730
2706,2731
2707,2732
2708,2733
2709,2734
2710,2735
2711,2736
2712,2737
2713,2738
2714,2739
2715,2740
2716,2741
2717,2742
2718,2743
2719,2744
2720,2745
2721,2746
2722,2747
2723,2748
2724,2749
2725,2750
2726,2751
2728,2753
2729,2754
2730,2755
2731,2756
2733,2758
2734,2759
2735,2760
2736,2761
2737,2762
2738,2763
2739,2764
2740,2765
2741,2766
2742,2767
2743,2768
2744,2769
2745,2770
2747,2772
2748,2773
2749,2774
2751,2776
2752,2777
2753,2778
2754,2779
2755,2780
2756,2781
2757,2782
2758,2783
2759,2784
2760,2785
2761,2786
2762,2787
2764,2789
2765,2790
2767,2792
2768,2793
2769,2794
2770,2795
2771,2796
2772,2797
2773,2798
2774,2799
2775,2800
2776,2801
2777,2802
2778,2803
2779,2804
2780,2805
2781,2806
2782,2807
2783,2808
2784,2809
2785,2810
2786,2811
2787,2812
2788,2813
2789,2814
2790,2815
2791,2816
2792,2817
2793,2818
2794,2819
2795,2820
2796,2821
2797,2822
2798,2823
2799,2824
2800,2825
2801,2826
2802,2827
2803,2828
2804,2829
2805,2830
2806,2831
2807,2832
2808,2833
2811,2837
2812,2838
2813,2839
2815,2841
2816,2842
2817,2843
2818,2844
2819,2845
2820,2846
2821,2847
2822,2848
2823,2849
2824,2850
2825,2851
2826,2852
2827,2853
2828,2854
2829,2855
2830,2856
2831,2857
2832,2858
2833,2859
2834,2860
2836,2862
2837,2863
2838,2864
2839,2865
2840,2866
2841,2867
2842,2868
2843,2869
2844,2870
2845,2871
2846,2872
2847,2873
2848,2874
2849,2875
2850,2876
2851,2877
2852,2878
2853,2879
2854,2880
2856,2882
2857,2883
2858,2884
2860,2886
2861,2887
2862,2888
2863,2889
2864,2890
2865,2891
2867,2893
2868,2894
2869,2895
2870,2896
2871,2897
2872,2898
2873,2899
2874,2900
2875,2901
2876,2902
2877,2903
2878,2904
2879,2905
2880,2906
2881,2907
2882,2908
2883,2909
2884,2910
2885,2911
2886,2912
2887,2913
2889,2915
2890,2916
2891,2917
2892,2918
2893,2919
2895,2921
2896,2922
2898,2924
2899,2925
2900,2926
2901,2927
2902,2928
2903,2929
2904,2930
2905,2931
2906,2932
2907,2933
2908,2934
2909,2935
2910,2936
2911,2937
2912,2938
2913,2939
2914,2940
2915,2941
2917,2943
2918,2944
2919,2945
2920,2946
2921,2947
2922,2948
2923,2949
2924,2950
2926,2952
2927,2953
2928,2954
2929,2955
2930,2956
2931,2957
2932,2958
2933,2959
2935,2961
2936,2962
2937,2963
2938,2964
2939,2965
2940,2966
2941,2967
2942,2968
2943,2969
2944,2970
2945,2971
2946,2972
2947,2973
2948,2974
2949,2975
2950,2976
2951,2977
2952,2978
2953,2979
2954,2980
2955,2981
2956,2982
2957,2983
2958,2984
2959,2985
2960,2986
2961,2987
2962,2988
2963,2989
2964,2990
2965,2991
2966,2992
2967,2993
2968,2994
2969,2995
2971,2997
2972,2998
2973,2999
2974,3000
2975,3001
2976,3002
2977,3003
2978,3004
2979,3005
2980,3006
2981,3007
2982,3008
2983,3009
2984,3010
2985,3011
2986,3012
2987,3013
2988,3014
2989,3015
2990,3016
2991,3017
2992,3018
2993,3019
2994,3020
2995,3021
2996,3022
2997,3023
2998,3024
2999,3025
3000,3026
3001,3027
3002,3028
3003,3029
3004,3030
3005,3031
3006,3032
3007,3033
3008,3034
3010,3036
3011,3037
3012,3038
3013,3039
3014,3040
3015,3041
3016,3042
3017,3043
3018,3044
3019,3045
3020,3046
3022,3048
3024,3050
3025,3051
3026,3052
3027,3053
3028,3054
3029,3055
3030,3056
3031,3057
3032,3058
3033,3059
3034,3060
3035,3061
3036,3062
3037,3063
3038,3064
3040,3066
3041,3067
3042,3068
3043,3069
3044,3070
3045,3071
3046,3072
3047,3073
3048,3074
3049,3075
3050,3076
3051,3077
3053,3079
3054,3080
3056,3082
3057,3083
3058,3084
3059,3085
3061,3087
3062,3088
3063,3089
3064,3090
3065,3091
3066,3092
3067,3093
3068,3094
3069,3095
3070,3096
3072,3098
3073,3099
3074,3100
3075,3101
3076,3102
3077,3103
3078,3104
3079,3105
3080,3106
3081,3107
3082,3108
3083,3109
3084,3110
3085,3111
3086,3112
3087,3113
3088,3114
3089,3115
3090,3116
3091,3117
3092,3118
3093,3119
3094,3120
3095,3121
3097,3123
3098,3124
3099,3125
3100,3126
3101,3127
3102,3128
3104,3130
3105,3131
3106,3132
3107,3133
3108,3134
3109,3135
3110,3136
3113,3139
3114,3140
3115,3141
3116,3142
3117,3143
3118,3144
3119,3145
3120,3146
3121,3147
3122,3148
3123,3149
3124,3150
3125,3151
3126,3152
3127,3153
3128,3154
3129,3155
3130,3156
3131,3157
3132,3158
3134,3160
3135,3161
3137,3163
3138,3164
3139,3165
3140,3166
3141,3167
3142,3168
3143,3169
3144,3170
3145,3171
3146,3172
3147,3173
3148,3174
3149,3175
3150,3176
3151,3177
3152,3178
3153,3179
3154,3180
3155,3181
3156,3182
3157,3183
3158,3184
3159,3185
3160,3186
3161,3187
3162,3188
3163,3189
3164,3190
3165,3191
3166,3192
3167,3193
3169,3195
3171,3197
3172,3198
3173,3199
3174,3200
3175,3201
3176,3202
3177,3203
3178,3204
3179,3205
3180,3206
3181,3207
3182,3208
3183,3209
3185,3211
3186,3212
3187,3213
3188,3214
3189,3215
3190,3216
3191,3217
3193,3219
3194,3220
3195,3221
3196,3222
3197,3223
3198,3224
3199,3225
3200,3226
3201,3227
3202,3228
3203,3229
3204,3230
3205,3231
3206,3232
3207,3233
3208,3234
3209,3235
3210,3236
3212,3238
3213,3239
3214,3240
3215,3241
3216,3242
3217,3243
3218,3244
3219,3245
3220,3246
3221,3247
3222,3248
3223,3249
3224,3250
3226,3252
3227,3253
3228,3254
3229,3255
3230,3256
3231,3257
3232,3258
3234,3260
3235,3261
3237,3263
3238,3264
3239,3265
3240,3266
3241,3267
3242,3268
3243,3269
3244,3270
3246,3272
3247,3273
3248,3274
3249,3275
3251,3277
3252,3278
3253,3279
3254,3280
3255,3281
3256,3282
3257,3283
3258,3284
3259,3285
3260,3286
3261,3287
3262,3288
3263,3289
3264,3290
3265,3291
3266,3292
3267,3293
3268,3294
3269,3295
3270,3296
3271,3297
3272,3298
3273,3299
3274,3300
3275,3301
3277,3303
3278,3304
3279,3305
3280,3306
3281,3307
3282,3308
3283,3309
3284,3310
3285,3311
3286,3312
3287,3313
3288,3314
3289,3315
3290,3316
3291,3317
3292,3318
3293,3319
3294,3320
3295,3321
3296,3322
3297,3323
3298,3324
3299,3325
3300,3326
3301,3327
3302,3328
3303,3329
3304,3330
3305,3331
3306,3332
3307,3333
3308,3334
3309,3335
3310,3336
3311,3337
3312,3338
3313,3339
3314,3340
3315,3341
3316,3342
3317,3343
3318,3344
3319,3345
3320,3346
3321,3347
3322,3348
3323,3349
3324,3350
3325,3351
3326,3352
3327,3353
3328,3354
3329,3355
3330,3356
3331,3357
3332,3358
3335,3361
3336,3362
3337,3363
3338,3364
3339,3365
3340,3366
3341,3367
3342,3368
3343,3369
3344,3370
3345,3371
3346,3372
3347,3373
3348,3374
3349,3375
3350,3376
3351,3377
3352,3378
3353,3379
3354,3380
3355,3381
3356,3382
3357,3383
3358,3384
3360,3386
3361,3387
3362,3388
3363,3389
3364,3390
3365,3391
3366,3392
3367,3393
3368,3394
3369,3395
3370,3396
3371,3397
3372,3398
3373,3399
3374,3400
3375,3401
3377,3403
3378,3404
3379,3405
3381,3407
3382,3408
3383,3409
3384,3410
3385,3411
3386,3412
3387,3413
3388,3414
3389,3415
3390,3416
3391,3417
3392,3418
3393,3419
3394,3420
3395,3421
3396,3422
3397,3423
3398,3424
3400,3426
3402,3428
3403,3429
3404,3430
3405,3431
3406,3432
3407,3433
3408,3434
3409,3435
3410,3436
3412,3438
3413,3439
3414,3440
3415,3441
3416,3442
3417,3443
3418,3444
3419,3445
3420,3446
3421,3447
3422,3448
3423,3449
3424,3450
3425,3451
3426,3452
3427,3453
3428,3454
3429,3455
3430,3456
3432,3458
3433,3459
3434,3460
3436,3462
3437,3463
3438,3464
3439,3465
3441,3467
3442,3468
3443,3469
3446,3472
3448,3474
3449,3475
3450,3476
3451,3477
3452,3478
3453,3479
3454,3480
3456,3482
3457,3483
3458,3484
3459,3485
3460,3486
3461,3487
3462,3488
3463,3489
3464,3490
3465,3491
3466,3492
3467,3493
3468,3494
3469,3495
3470,3496
3471,3497
3473,3499
3474,3500
3475,3501
3476,3502
3477,3503
3478,3504
3479,3505
3480,3506
3482,3508
3483,3509
3484,3510
3485,3511
3486,3512
3487,3513
3488,3514
3489,3515
3490,3516
3491,3517
3492,3518
3493,3519
3494,3520
3495,3521
3496,3522
3497,3523
3499,3525
3500,3526
3501,3527
3502,3528
3503,3529
3507,3533
3508,3534
3509,3535
3510,3536
3511,3537
3512,3538
3514,3540
3515,3541
3516,3542
3517,3543
3518,3544
3519,3545
3520,3546
3521,3547
3522,3548
3523,3549
3524,3550
3525,3551
3526,3552
3527,3553
3528,3554
3529,3555
3530,3556
3531,3557
3532,3558
3533,3559
3534,3560
3535,3561
3536,3562
3537,3563
3538,3564
3539,3565
3540,3566
3541,3567
3542,3568
3543,3569
3544,3570
3545,3571
3546,3572
3547,3573
3549,3575
3550,3576
3551,3577
3552,3578
3554,3580
3555,3581
3556,3582
3557,3583
3558,3584
3559,3585
3560,3586
3561,3587
3562,3588
3563,3589
3564,3590
3565,3591
3566,3592
3567,3593
3568,3594
3569,3595
3570,3596
3571,3597
3572,3598
3573,3599
3574,3600
3575,3601
3576,3602
3578,3604
3579,3605
3580,3606
3581,3607
3582,3608
3583,3609
3584,3610
3586,3612
3588,3614
3589,3615
3590,3616
3591,3617
3592,3618
3593,3619
3594,3620
3595,3621
3596,3622
3597,3623
3599,3625
3600,3626
3601,3627
3602,3628
3603,3629
3604,3630
3605,3631
3606,3632
3607,3633
3608,3634
3609,3635
3612,3638
3614,3640
3615,3641
3616,3642
3617,3643
3618,3644
3619,3645
3620,3646
3621,3647
3622,3648
3623,3649
3624,3650
3625,3651
3626,3652
3628,3654
3629,3655
3630,3656
3631,3657
3632,3658
3633,3659
3634,3660
3635,3661
3636,3662
3637,3663
3638,3664
3641,3667
3642,3668
3643,3669
3644,3670
3645,3671
3646,3672
3647,3673
3648,3674
3649,3675
3650,3676
3651,3677
3652,3678
3653,3679
3654,3680
3655,3681
3656,3682
3657,3683
3658,3684
3659,3685
3660,3686
3661,3687
3662,3688
3663,3689
3664,3690
3665,3691
3666,3692
3667,3693
3668,3694
3669,3695
3670,3696
3671,3697
3672,3698
3673,3699
3674,3700
3675,3701
3676,3702
3677,3703
3678,3704
3679,3705
3680,3706
3681,3707
3682,3708
3683,3709
3684,3710
3685,3711
3686,3712
3687,3713
3688,3714
3689,3715
3690,3716
3691,3717
3692,3718
3693,3719
3694,3720
3695,3721
3696,3722
3697,3723
3698,3724
3699,3725
3700,3726
3701,3727
3702,3728
3703,3729
3704,3730
3705,3731
3706,3732
3707,3733
3708,3734
3709,3735
3710,3736
3711,3737
3712,3738
3713,3739
3714,3740
3715,3741
3716,3742
3717,3743
3718,3744
3719,3745
3720,3746
3721,3747
3722,3748
3725,3751
3726,3752
3727,3753
3728,3754
3729,3755
3731,3757
3732,3758
3734,3760
3735,3761
3736,3762
3737,3763
3738,3764
3739,3765
3741,3767
3742,3768
3743,3769
3744,3770
3745,3771
3746,3772
3747,3773
3749,3775
3751,3777
3752,3778
3753,3779
3754,3780
3755,3781
3756,3782
3757,3783
3758,3784
3759,3785
3760,3786
3761,3787
3762,3788
3763,3789
3764,3790
3766,3792
3767,3793
3768,3794
3769,3795
3770,3796
3771,3797
3773,3799
3774,3800
3775,3801
3776,3802
3777,3803
3778,3804
3779,3805
3780,3806
3781,3807
3782,3808
3783,3809
3784,3810
3785,3811
3786,3812
3787,3813
3788,3814
3789,3815
3790,3816
3791,3817
3792,3818
3793,3819
3794,3820
3795,3821
3796,3822
3797,3823
3798,3824
3800,3826
3801,3827
3802,3828
3804,3830
3805,3831
3806,3832
3809,3835
3810,3836
3811,3837
3812,3838
3813,3839
3815,3841
3816,3842
3817,3843
3818,3844
3819,3845
3820,3846
3821,3847
3822,3848
3823,3849
3824,3850
3825,3851
3826,3852
3827,3853
3828,3854
3829,3855
3830,3856
3831,3857
3832,3858
3834,3860
3835,3861
3836,3862
3837,3863
3839,3865
3840,3866
3841,3867
3842,3868
3843,3869
3844,3870
3845,3871
3846,3872
3848,3874
3849,3875
3850,3876
3851,3877
3852,3878
3853,3879
3854,3880
3856,3882
3857,3883
3858,3884
3859,3885
3860,3886
3861,3887
3863,3889
3864,3890
3865,3891
3866,3892
3867,3893
3869,3895
3870,3896
3871,3897
3872,3898
3873,3899
3874,3900
3875,3901
3876,3902
3877,3903
3878,3904
3879,3905
3881,3907
3882,3908
3883,3909
3885,3911
3887,3913
3888,3914
3889,3915
3890,3916
3891,3917
3892,3918
3893,3919
3894,3920
3895,3921
3896,3922
3897,3923
3898,3924
3899,3925
3900,3926
3901,3927
3902,3928
3903,3929
3904,3930
3905,3931
3906,3932
3907,3933
3908,3934
3909,3935
3910,3936
3911,3937
3912,3938
3913,3939
3914,3940
3915,3941
3916,3942
3917,3943
3918,3944
3919,3945
3920,3946
3921,3947
3923,3949
3924,3950
3926,3952
3927,3953
3928,3954
3930,3956
3931,3957
3932,3958
3933,3959
3934,3960
3936,3962
3937,3963
3938,3964
3939,3965
3940,3966
3942,3968
3943,3969
3944,3970
3945,3971
3946,3972
3947,3973
3949,3975
3951,3977
3952,3978
3953,3979
3954,3980
3955,3981
3956,3982
3957,3983
3958,3984
3959,3985
3961,3987
3962,3988
3963,3989
3964,3990
3965,3991
3966,3992
3967,3993
3968,3994
3969,3995
3971,3997
3972,3998
3973,3999
3974,4000
3975,4001
3976,4002
3977,4003
3978,4004
3979,4005
3980,4006
3982,4008
3984,4010
3985,4011
3987,4013
3988,4014
3989,4015
3990,4016
3991,4017
3992,4018
3993,4019
3994,4020
3995,4021
3997,4023
3998,4024
3999,4025
4000,4026
4001,4027
4002,4028
4003,4029
4004,4030
4005,4031
4006,4032
4007,4033
4008,4034
4009,4035
4010,4036
4011,4037
4012,4038
4013,4039
4014,4040
4015,4041
4016,4042
4017,4043
4018,4044
4019,4045
4020,4046
4021,4047
4022,4048
4023,4049
4024,4050
4025,4051
4026,4052
4027,4053
4028,4054
4029,4055
4030,4056
4031,4057
4033,4059
4034,4060
4035,4061
4037,4063
4038,4064
4040,4066
4041,4067
4042,4068
4043,4069
4044,4070
4045,4071
4046,4072
4047,4073
4048,4074
4049,4075
4050,4076
4051,4077
4052,4078
4053,4079
4054,4080
4055,4081
4056,4082
4057,4083
4059,4085
4060,4086
4061,4087
4062,4088
4063,4089
4064,4090
4065,4091
4066,4092
4068,4094
4069,4095
4070,4096
4071,4097
4072,4098
4073,4099
4074,4100
4075,4101
4076,4102
4077,4103
4078,4104
4079,4105
4080,4106
4081,4107
4082,4108
4083,4109
4084,4110
4085,4111
4086,4112
4087,4113
4088,4114
4089,4115
4090,4116
4092,4118
4093,4119
4094,4120
4096,4122
4097,4123
4098,4124
4099,4125
4100,4126
4101,4127
4102,4128
4103,4129
4104,4130
4105,4131
4107,4133
4108,4134
4109,4135
4110,4136
4111,4137
4112,4138
4113,4139
4114,4140
4115,4141
4116,4142
4117,4143
4118,4144
4119,4145
4120,4146
4121,4147
4122,4148
4123,4149
4124,4150
4125,4151
4126,4152
4127,4153
4128,4154
4129,4155
4130,4156
4131,4157
4132,4158
4133,4159
4134,4160
4136,4162
4137,4163
4138,4167
4139,4168
4140,4169
4141,4170
4142,4171
4143,4172
4144,4173
4145,4174
4146,4175
4147,4176
4148,4177
4149,4178
4150,4179
4151,4180
4153,4182
4154,4183
4155,4184
4156,4185
4160,4189
4161,4190
4162,4191
4163,4192
4164,4193
4165,4194
4166,4195
4167,4196
4169,4198
4170,4199
4171,4200
4172,4201
4173,4202
4174,4203
4175,4204
4177,4206
4178,4207
4179,4208
4180,4209
4181,4210
4182,4211
4183,4212
4184,4213
4185,4214
4187,4216
4188,4217
4189,4218
4190,4219
4191,4220
4192,4221
4193,4222
4194,4223
4195,4224
4196,4225
4197,4226
4198,4227
4200,4229
4202,4231
4203,4232
4205,4234
4206,4235
4207,4236
4208,4237
4209,4238
4210,4239
4212,4241
4213,4242
4215,4244
4216,4245
4218,4247
4219,4248
4220,4249
4221,4250
4222,4251
4223,4252
4224,4253
4225,4254
4227,4256
4228,4257
4229,4258
4231,4260
4232,4261
4233,4262
4234,4263
4235,4264
4236,4265
4237,4266
4238,4267
4239,4268
4240,4269
4241,4270
4242,4271
4243,4272
4244,4273
4245,4274
4246,4275
4247,4276
4248,4277
4249,4278
4250,4279
4251,4280
4252,4281
4253,4282
4254,4283
4255,4284
4256,4285
4257,4286
4258,4287
4259,4288
4261,4290
4262,4291
4263,4292
4264,4293
4265,4294
4266,4295
4267,4296
4268,4297
4269,4298
4270,4299
4271,4300
4272,4301
4273,4302
4275,4304
4276,4305
4277,4306
4278,4307
4279,4308
4280,4309
4281,4310
4282,4311
4283,4312
4284,4313
4285,4314
4286,4315
4287,4316
4289,4318
4290,4319
4291,4320
4293,4322
4294,4323
4295,4324
4296,4325
4297,4326
4299,4328
4300,4329
4301,4330
4303,4332
4304,4333
4305,4334
4306,4335
4307,4336
4308,4337
4311,4340
4312,4341
4313,4342
4314,4343
4315,4344
4316,4345
4317,4346
4318,4347
4319,4348
4320,4349
4322,4351
4323,4352
4324,4353
4325,4354
4327,4356
4328,4357
4329,4358
4330,4359
4331,4360
4332,4361
4333,4362
4335,4364
4336,4365
4337,4366
4338,4367
4339,4368
4340,4369
4341,4370
4342,4371
4343,4372
4344,4373
4345,4374
4348,4377
4350,4379
4351,4380
4352,4381
4353,4382
4354,4383
4355,4384
4356,4385
4357,4386
4358,4387
4359,4388
4360,4389
4362,4391
4363,4392
4364,4393
4367,4396
4368,4397
4369,4398
4370,4399
4371,4400
4372,4401
4374,4403
4375,4404
4376,4405
4377,4406
4378,4407
4379,4408
4380,4409
4381,4410
4382,4411
4383,4412
4384,4413
4385,4414
4386,4415
4387,4416
4389,4418
4390,4419
4391,4420
4392,4421
4393,4422
4394,4423
4395,4424
4397,4426
4398,4427
4399,4428
4401,4430
4402,4431
4403,4432
4405,4434
4406,4435
4407,4436
4408,4437
4409,4438
4410,4439
4411,4440
4412,4441
4413,4442
4414,4443
4416,4445
4417,4446
4419,4448
4420,4449
4421,4450
4422,4451
4423,4452
4424,4453
4425,4454
4428,4457
4429,4458
4430,4459
4431,4460
4432,4461
4433,4462
4434,4463
4435,4464
4436,4465
4437,4466
4438,4467
4439,4468
4440,4469
4441,4470
4442,4471
4443,4472
4444,4473
4445,4474
4446,4475
4447,4476
4448,4477
4449,4478
4450,4479
4451,4480
4452,4481
4453,4482
4454,4483
4455,4484
4456,4485
4457,4486
4458,4487
4459,4488
4460,4489
4461,4490
4462,4491
4463,4492
4465,4494
4466,4495
4467,4496
4468,4497
4469,4498
4470,4499
4471,4500
4473,4502
4474,4503
4475,4504
4476,4505
4477,4506
4478,4507
4479,4508
4480,4509
4482,4511
4483,4512
4485,4514
4486,4515
4487,4516
4488,4517
4489,4518
4490,4519
4491,4520
4492,4521
4494,4523
4495,4524
4496,4525
4497,4526
4498,4527
4499,4528
4500,4529
4501,4530
4502,4531
4503,4532
4504,4533
4505,4534
4506,4535
4508,4537
4509,4538
4510,4539
4511,4540
4512,4541
4513,4542
4514,4543
4515,4544
4516,4545
4517,4546
4518,4547
4519,4548
4520,4549
4521,4550
4522,4551
4523,4552
4524,4553
4525,4554
4526,4555
4527,4556
4528,4557
4529,4558
4530,4559
4531,4560
4532,4561
4533,4562
4534,4563
4535,4564
4536,4565
4537,4566
4538,4567
4539,4568
4540,4569
4541,4570
4542,4571
4543,4572
4544,4573
4545,4574
4546,4575
4547,4576
4548,4577
4549,4578
4550,4579
4551,4580
4552,4581
4553,4582
4555,4584
4556,4585
4557,4586
4558,4587
4559,4588
4560,4589
4561,4590
4562,4591
4563,4592
4564,4593
4565,4594
4566,4595
4567,4596
4569,4598
4570,4599
4572,4601
4573,4602
4574,4603
4575,4604
4576,4605
4577,4606
4578,4607
4579,4608
4581,4610
4582,4611
4584,4613
4585,4614
4586,4615
4587,4616
4588,4617
4589,4618
4590,4619
4591,4620
4593,4622
4594,4623
4595,4624
4597,4626
4598,4627
4599,4628
4601,4630
4602,4631
4603,4632
4604,4633
4605,4634
4606,4635
4607,4636
4608,4637
4610,4639
4611,4640
4613,4642
4614,4643
4615,4644
4616,4645
4617,4646
4618,4647
4619,4648
4620,4649
4621,4650
4622,4651
4624,4653
4625,4654
4626,4655
4627,4656
4628,4657
4629,4658
4630,4659
4631,4660
4632,4661
4633,4662
4634,4663
4635,4664
4636,4665
4637,4666
4638,4667
4639,4668
4641,4670
4642,4671
4643,4672
4644,4673
4646,4675
4647,4676
4648,4677
4649,4678
4650,4679
4651,4680
4652,4681
4653,4682
4654,4683
4655,4684
4656,4685
4657,4686
4659,4688
4660,4689
4661,4690
4662,4691
4663,4692
4664,4693
4665,4694
4666,4695
4667,4696
4668,4697
4669,4698
4670,4699
4671,4700
4672,4701
4673,4702
4674,4703
4675,4704
4676,4705
4677,4706
4678,4707
4679,4708
4680,4709
4681,4710
4682,4711
4683,4712
4684,4713
4685,4714
4686,4715
4687,4716
4688,4717
4689,4718
4690,4719
4692,4721
4693,4722
4694,4723
4695,4724
4696,4725
4697,4726
4698,4727
4699,4728
4700,4729
4701,4730
4702,4731
4705,4734
4707,4736
4708,4737
4709,4738
4710,4739
4711,4740
4712,4741
4713,4742
4714,4743
4715,4744
4716,4745
4717,4746
4718,4747
4719,4748
4720,4749
4721,4750
4722,4751
4724,4753
4725,4754
4726,4755
4727,4756
4728,4757
4729,4758
4730,4759
4731,4760
4732,4761
4733,4762
4734,4763
4735,4764
4736,4765
4737,4766
4738,4767
4739,4768
4740,4769
4741,4770
4742,4771
4743,4772
4744,4773
4745,4774
4746,4775
4747,4776
4748,4777
4749,4778
4750,4779
4751,4780
4752,4781
4754,4783
4755,4784
4756,4785
4757,4786
4758,4787
4760,4789
4761,4790
4762,4791
4763,4792
4764,4793
4765,4794
4766,4795
4767,4796
4768,4797
4769,4798
4772,4801
4773,4802
4774,4803
4775,4804
4776,4805
4777,4806
4778,4807
4779,4808
4780,4809
4781,4810
4782,4811
4783,4812
4784,4813
4785,4814
4786,4815
4787,4816
4788,4817
4789,4818
4790,4819
4791,4820
4792,4821
4794,4823
4795,4824
4796,4825
4797,4826
4798,4827
4801,4830
4802,4831
4803,4832
4804,4833
4805,4834
4806,4835
4807,4836
4809,4838
4810,4839
4812,4841
4813,4842
4814,4843
4815,4844
4816,4845
4817,4846
4818,4847
4819,4848
4820,4849
4822,4851
4823,4852
4824,4853
4825,4854
4826,4855
4827,4856
4829,4858
4830,4859
4831,4860
4832,4861
4833,4862
4834,4863
4835,4864
4837,4866
4838,4867
4839,4868
4840,4869
4841,4870
4842,4871
4843,4872
4844,4873
4845,4874
4846,4875
4847,4876
4848,4877
4849,4878
4851,4880
4852,4881
4853,4882
4854,4883
4855,4884
4857,4886
4858,4887
4859,4888
4860,4889
4861,4890
4862,4891
4863,4892
4864,4893
4865,4894
4866,4895
4867,4896
4868,4897
4870,4899
4871,4900
4872,4901
4873,4902
4874,4903
4875,4904
4876,4905
4877,4906
4878,4907
4879,4908
4880,4909
4881,4910
4882,4911
4883,4912
4884,4913
4885,4914
4886,4915
4887,4916
4888,4917
4889,4918
4890,4919
4891,4920
4893,4922
4894,4923
4895,4924
4896,4925
4897,4926
4898,4927
4899,4928
4900,4929
4901,4930
4902,4931
4903,4932
4904,4933
4905,4934
4906,4935
4907,4936
4908,4937
4910,4939
4911,4940
4912,4941
4913,4942
4914,4943
4915,4944
4916,4945
4917,4946
4918,4947
4919,4948
4920,4949
4921,4950
4922,4951
4923,4952
4924,4953
4925,4954
4926,4955
4928,4957
4929,4958
4930,4959
4931,4960
4932,4961
4933,4962
4935,4964
4936,4965
4937,4966
4938,4967
4939,4968
4940,4969
4941,4970
4942,4971
4943,4972
4944,4973
4945,4974
4946,4975
4947,4976
4948,4977
4949,4978
4950,4979
4951,4980
4952,4981
4953,4982
4954,4983
4955,4984
4956,4985
4957,4986
4958,4987
4959,4988
4960,4989
4961,4990
4962,4991
4964,4993
4965,4994
4967,4996
4968,4997
4969,4998
4970,4999
4971,5000
4972,5001
4973,5002
4974,5003
4975,5004
4976,5005
4977,5006
4978,5007
4979,5008
4980,5009
4981,5010
4983,5012
4984,5013
4985,5014
4986,5015
4987,5016
4988,5017
4989,5018
4992,5021
4993,5022
4994,5023
4995,5024
4998,5027
5001,5030
5003,5032
5005,5034
5008,5037
5009,5038
5010,5039
5011,5040
5012,5041
5015,5044
5016,5045
5017,5046
5018,5047
5019,5048
5020,5049
5023,5052
5024,5053
5025,5054
5026,5055
5027,5056
5029,5058
5032,5061
5034,5063
5035,5064
5036,5065
5037,5066
5038,5067
5039,5068
5040,5069
5041,5070
5042,5071
5043,5072
5044,5073
5045,5074
5047,5076
5048,5077
5049,5078
5051,5080
5052,5081
5054,5083
5055,5084
5058,5087
5059,5088
5062,5091
5063,5092
5065,5094
5066,5095
5068,5097
5069,5098
5070,5099
5071,5100
5072,5101
5073,5102
5074,5103
5075,5104
5076,5105
5077,5106
5078,5107
5079,5108
5082,5111
5083,5112
5085,5114
5087,5116
5088,5117
5089,5118
5090,5119
5091,5120
5092,5121
5093,5122
5094,5123
5095,5124
5097,5126
5098,5127
5099,5128
5100,5129
5101,5130
5102,5131
5104,5133
5109,5138
5110,5139
5111,5140
5113,5142
5114,5143
5115,5144
5117,5146
5119,5148
5120,5149
5121,5150
5123,5152
5124,5153
5125,5154
5127,5156
5129,5158
5131,5160
5132,5161
5133,5162
5135,5164
5137,5166
5138,5167
5140,5169
5141,5170
5142,5171
5143,5172
5144,5173
5145,5174
5146,5175
5148,5177
5149,5178
5151,5180
5152,5181
5153,5182
5154,5183
5155,5184
5156,5185
5157,5186
5158,5187
5160,5189
5161,5190
5162,5191
5163,5192
5164,5193
5165,5194
5166,5195
5167,5196
5168,5197
5169,5198
5170,5199
5171,5200
5172,5201
5173,5202
5174,5203
5175,5204
5177,5206
5178,5207
5180,5209
5182,5211
5183,5212
5184,5213
5185,5214
5186,5215
5187,5216
5188,5217
5190,5219
5191,5220
5192,5221
5193,5222
5195,5224
5196,5225
5198,5227
5202,5231
5203,5232
5204,5233
5205,5234
5206,5235
5209,5238
5210,5239
5213,5242
5214,5243
5215,5244
5216,5245
5219,5248
5220,5249
5221,5250
5222,5251
5223,5252
5224,5253
5226,5255
5227,5256
5228,5257
5229,5258
5230,5259
5231,5260
5232,5261
5234,5263
5237,5266
5238,5267
5239,5268
5240,5269
5241,5270
5242,5271
5244,5273
5245,5274
5246,5275
5248,5277
5250,5279
5252,5281
5254,5283
5257,5286
5258,5287
5259,5288
5260,5289
5261,5290
5262,5291
5263,5292
5264,5293
5265,5294
5266,5295
5268,5297
5270,5299
5271,5300
5272,5301
5273,5302
5276,5305
5277,5306
5278,5307
5279,5308
5281,5310
5282,5311
5283,5312
5284,5313
5285,5314
5286,5315
5289,5318
5290,5319
5291,5320
5292,5321
5294,5323
5295,5324
5296,5325
5297,5326
5299,5328
5300,5329
5301,5330
5302,5331
5304,5333
5306,5335
5307,5336
5308,5337
5309,5338
5311,5340
5312,5341
5313,5342
5314,5343
5315,5344
5316,5345
5317,5346
5318,5347
5322,5351
5323,5352
5324,5353
5325,5354
5326,5355
5327,5356
5328,5357
5329,5358
5331,5360
5335,5364
5336,5365
5337,5366
5340,5369
5341,5370
5342,5371
5343,5372
5344,5373
5345,5374
5346,5375
5347,5376
5348,5377
5349,5378
5350,5379
5351,5380
5352,5381
5353,5382
5354,5383
5355,5384
5357,5386
5358,5387
5359,5388
5360,5389
5361,5390
5362,5391
5363,5392
5364,5393
5365,5394
5366,5395
5367,5396
5368,5397
5370,5399
5372,5401
5373,5402
5374,5403
5375,5404
5376,5405
5377,5406
5378,5407
5379,5408
5380,5409
5381,5410
5382,5411
5383,5412
5384,5413
5386,5415
5387,5416
5388,5417
5389,5418
5390,5419
5391,5420
5392,5421
5393,5422
5394,5423
5395,5424
5396,5425
5397,5426
5398,5427
5399,5428
5401,5430
5403,5432
5404,5433
5405,5434
5406,5435
5407,5436
5408,5437
5409,5438
5411,5440
5412,5441
5413,5442
5416,5445
5417,5446
5418,5447
5419,5448
5420,5449
5422,5451
5423,5452
5425,5454
5426,5455
5427,5456
5428,5457
5430,5459
5431,5460
5432,5461
5433,5462
5435,5464
5436,5465
5437,5466
5438,5467
5439,5468
5440,5469
5441,5470
5443,5472
5444,5473
5445,5474
5446,5475
5448,5477
5449,5478
5451,5480
5452,5481
5453,5482
5454,5483
5455,5484
5456,5485
5458,5487
5460,5489
5461,5490
5462,5491
5463,5492
5464,5493
5465,5494
5466,5495
5467,5496
5468,5497
5469,5498
5470,5499
5471,5500
5472,5501
5473,5502
5474,5503
5475,5504
5476,5505
5477,5506
5478,5507
5479,5508
5480,5509
5482,5511
5484,5513
5485,5514
5486,5515
5489,5518
5490,5519
5491,5520
5492,5521
5726,5755
5727,5756
5728,5757
5729,5758
5730,5759
5731,5760
5732,5761
5757,5786
5758,5787
5759,5788
5760,5789
5761,5790
5762,5791
5763,5792
5764,5793
5766,5795
5767,5796
5769,5798
5771,5800
5772,5801
5773,5802
5774,5803
5775,5804
5776,5805
5777,5806
5779,5808
5780,5809
5781,5810
5782,5811
5783,5812
5784,5813
5785,5814
5786,5815
5787,5816
5788,5817
5789,5818
5790,5819
5791,5820
5792,5821
5793,5822
5794,5823
5795,5824
5797,5826
5798,5827
5799,5828
5800,5829
5801,5830
5802,5831
5803,5832
5804,5833
5805,5834
5807,5836
5808,5837
5810,5839
5811,5840
5812,5841
5813,5842
5814,5843
5816,5845
5817,5846
5819,5848
5820,5849
5822,5851
5824,5853
5825,5854
5827,5856
5828,5857
5829,5858
5830,5859
5831,5860
5832,5861
5833,5862
5834,5863
5835,5864
5836,5865
5837,5866
5839,5868
5840,5869
5841,5870
5842,5871
5843,5872
5844,5873
5846,5875
5847,5876
5848,5877
5849,5878
5851,5880
5852,5881
5853,5882
5856,5885
5858,5887
5859,5888
5860,5889
5861,5890
5862,5891
5863,5892
5864,5893
5865,5894
5866,5895
5867,5896
5868,5897
5869,5898
5870,5899
5871,5900
5872,5901
5873,5902
5874,5903
5875,5904
5876,5905
5877,5906
5878,5907
5879,5908
5881,5910
5882,5911
5883,5912
5884,5913
5885,5914
5886,5915
5888,5917
5889,5918
5890,5919
5891,5920
5892,5921
5893,5922
5894,5923
5895,5924
5896,5925
5897,5926
5899,5928
5900,5929
5902,5931
5903,5932
5904,5933
5905,5934
5906,5935
5907,5936
5908,5937
5909,5938
5911,5940
5912,5941
5913,5942
5914,5943
5915,5944
5917,5946
5918,5947
5919,5948
5920,5949
5921,5950
5922,5951
5923,5952
5924,5953
5925,5954
5926,5955
5928,5957
5929,5958
5930,5959
5931,5960
5932,5961
5934,5963
5935,5964
5936,5965
5937,5966
5938,5967
5939,5968
5940,5969
5941,5970
5942,5971
5943,5972
5945,5974
5946,5975
5949,5978
5951,5980
5954,5983
5955,5984
5956,5985
5958,5987
5960,5989
5961,5990
5962,5991
5963,5992
5964,5993
5965,5994
5967,5996
5969,5998
5970,5999
5971,6000
5972,6001
5975,6004
5976,6005
5977,6006
5978,6007
5979,6008
5981,6010
5982,6011
5984,6013
5986,6016
5988,6018
5989,6019
5990,6020
5992,6022
5994,6024
5995,6025
5996,6026
5998,6028
5999,6029
6000,6030
6001,6031
6003,6033
6005,6035
6007,6037
6010,6040
6015,6045
6017,6047
6018,6048
6019,6049
6021,6051
6022,6052
6023,6053
6024,6054
6025,6055
6026,6056
6027,6060
6028,6061
6029,6062
6030,6063
6031,6064
6032,6065
6033,6066
6034,6067
6035,6068
6037,6070
6038,6071
6039,6072
6040,6073
6041,6074
6042,6075
6043,6076
6044,6077
6045,6078
6047,6080
6049,6082
6050,6083
6052,6085
6054,6087
6056,6089
6064,6097
6069,6102
6070,6103
6075,6108
6077,6110
6079,6112
6080,6113
6081,6114
6086,6119
6088,6121
6089,6122
6092,6125
6098,6131
6100,6133
6106,6139
6108,6141
6109,6142
6110,6143
6111,6144
6112,6145
6113,6150
6114,6151
6122,6159
6123,6160
6136,6173
6137,6174
6138,6175
6140,6177
6141,6178
6146,6183
6147,6184
6148,6185
6150,6187
6151,6188
6157,6194
6162,6199
6163,6200
6170,6207
6172,6209
6174,6211
6176,6213
6177,6214
6178,6215
6179,6216
6180,6217
6181,6218
6182,6219
6183,6220
6184,6221
6185,6222
6186,6223
6187,6224
6189,6226
6190,6227
6192,6229
6193,6230
6194,6231
6195,6232
6196,6233
6197,6234
6198,6235
6201,6238
6202,6239
6203,6240
6204,6241
6205,6242
6206,6243
6207,6244
6208,6245
6209,6246
6210,6247
6211,6248
6212,6249
6213,6250
6214,6251
6215,6252
6216,6253
6217,6254
6219,6256
6221,6258
6222,6259
6226,6263
6229,6266
6233,6270
6235,6272
6237,6274
6241,6278
6243,6280
6244,6281
6245,6282
6247,6284
6248,6285
6250,6287
6251,6288
6253,6290
6254,6291
6255,6292
6256,6293
6257,6294
6258,6295
6264,6301
6270,6307
6271,6308
6272,6309
6273,6310
6282,6319
6284,6321
6295,6332
6305,6342
6321,6358
6322,6359
6326,6363
6328,6365
6333,6370
6341,6378
6347,6384
6358,6395
6367,6404
6368,6405
6383,6420
6384,6421
6391,6428
6396,6433
6401,6438
6404,6441
6406,6443
6410,6447
6416,6453
6421,6458
6423,6460
6429,6466
6438,6475
6439,6476
6447,6484
6449,6486
6450,6487
6452,6489
6456,6493
6459,6496
6462,6499
6468,6505
6469,6506
6477,6514
6500,6537
6501,6538
6502,6539
6512,6549
6514,6551
6519,6556
6522,6559
6523,6560
6524,6561
6526,6563
6532,6569
6534,6571
6537,6574
6539,6576
6540,6577
6541,6578
6543,6580
6544,6581
6545,6582
6546,6583
6550,6587
6551,6588
6552,6589
6553,6590
6555,6592
6559,6596
6562,6599
6564,6601
6565,6602
6570,6607
6571,6608
6572,6609
6573,6610
6574,6611
6575,6612
6576,6613
6577,6614
6578,6615
6579,6616
6582,6619
6584,6621
6587,6624
6589,6626
6590,6627
6591,6628
6592,6629
6596,6633
6597,6634
6598,6635
6599,6636
6600,6637
6601,6638
6602,6639
6605,6642
6606,6643
6607,6644
6608,6645
6611,6648
6613,6650
6615,6652
6617,6654
6619,6656
6620,6657
6621,6658
6625,6662
6628,6665
6630,6667
6631,6668
6632,6669
6634,6671
6638,6675
6639,6676
6640,6677
6641,6678
6646,6683
6647,6684
6648,6685
6649,6686
6653,6690
6655,6692
6656,6693
6657,6694
6658,6695
6659,6696
6660,6697
6661,6698
6662,6699
6663,6700
6664,6701
6665,6702
6666,6703
6667,6704
6668,6705
6669,6706
6670,6707
6671,6708
6672,6709
6673,6710
6674,6711
6675,6712
6676,6713
6677,6714
6678,6715
6679,6716
6680,6717
6681,6718
6682,6719
6683,6720
6684,6721
6685,6722
6687,6724
6688,6725
6689,6726
6690,6727
6691,6728
6692,6729
6693,6730
6694,6731
6695,6732
6696,6733
6697,6734
6698,6735
6699,6736
6700,6737
6701,6738
6702,6739
6703,6740
6704,6741
6705,6742
6706,6743
6707,6744
6708,6745
6709,6746
6710,6747
6711,6748
6712,6749
6713,6750
6714,6751
6715,6752
6716,6753
6717,6754
6718,6755
6719,6756
6720,6757
6721,6758
6722,6759
6723,6760
6724,6761
6725,6762
6726,6763
6727,6764
6728,6765
6729,6766
6730,6767
6731,6768
6732,6769
6733,6770
6734,6771
6735,6772
6736,6773
6737,6774
6738,6775
6739,6776
6740,6777
6741,6778
6742,6779
6743,6780
6744,6781
6745,6782
6746,6783
6747,6784
6748,6785
6749,6786
6750,6787
6751,6788
6752,6789
6753,6790
6754,6791
6755,6792
6756,6793
6758,6795
6759,6796
6760,6797
6761,6798
6762,6799
6763,6800
6764,6801
6765,6802
6766,6803
6767,6804
6768,6805
6769,6806
6770,6807
6771,6808
6772,6809
6773,6810
6774,6811
6775,6812
6776,6813
6777,6814
6778,6815
6779,6816
6780,6817
6781,6818
6782,6819
6783,6820
6784,6821
6785,6822
6786,6823
6787,6824
6788,6825
6789,6826
6790,6827
6791,6828
6793,6830
6794,6831
6795,6832
6796,6833
6797,6834
6798,6835
6799,6836
6800,6837
6801,6838
6802,6839
6803,6840
6804,6841
6805,6842
6806,6843
6807,6844
6808,6845
6809,6846
6810,6847
6811,6848
6812,6849
6813,6850
6814,6851
6815,6852
6816,6853
6817,6854
6818,6855
6819,6856
6820,6857
6821,6858
6822,6859
6824,6861
6825,6862
6826,6863
6827,6864
6828,6865
6829,6866
6830,6867
6831,6868
6832,6869
6833,6870
6834,6871
6835,6872
6836,6873
6837,6874
6838,6875
6839,6876
6840,6877
6841,6878
6842,6879
6843,6880
6844,6881
6845,6882
6846,6883
6847,6884
6848,6885
6849,6886
6850,6887
6851,6888
6852,6889
6853,6890
6854,6891
6855,6892
6856,6893
6857,6894
6858,6895
6859,6896
6860,6897
6861,6898
6862,6899
6863,6900
6864,6901
6865,6902
6866,6903
6867,6904
6868,6905
6869,6906
6870,6907
6871,6908
6872,6909
6873,6910
6874,6911
6875,6912
6876,6913
6877,6914
6878,6915
6879,6916
6880,6917
6881,6918
6882,6919
6883,6920
6884,6921
6885,6922
6886,6923
6887,6924
6888,6925
6889,6926
6890,6927
6891,6928
6892,6929
6893,6930
6894,6931
6895,6932
6896,6933
6897,6934
6898,6935
6899,6936
6900,6937
6901,6938
6902,6939
6903,6940
6904,6941
6905,6942
6906,6943
6907,6944
6908,6945
6910,6947
6911,6948
6917,6954
6919,6956
6920,6957
6921,6958
6922,6959
6923,6960
6924,6961
6925,6962
6926,6963
6927,6964
6928,6965
6929,6966
6930,6967
6931,6968
6932,6969
6933,6970
6934,6971
6935,6972
6936,6973
6937,6974
6938,6975
6939,6976
6940,6977
6941,6978
6943,6980
6944,6981
6945,6982
6946,6983
6947,6984
6948,6985
6950,6987
6951,6988
6952,6989
6953,6990
6956,6993
6957,6994
6958,6995
6959,6996
6960,6997
6961,6998
6962,6999
6963,7000
6964,7001
6965,7002
6966,7003
6967,7004
6968,7005
6969,7006
6970,7007
6971,7008
6972,7009
6973,7010
6974,7011
6975,7012
6976,7013
6977,7014
6978,7015
6980,7017
6981,7018
6982,7019
6983,7020
6984,7021
6985,7022
6986,7023
6987,7024
6988,7025
6989,7026
6990,7027
6991,7028
6992,7029
6993,7030
6994,7031
6995,7032
6996,7033
6997,7034
6998,7035
6999,7036
7001,7038
7002,7039
7003,7040
7004,7041
7005,7042
7006,7043
7007,7044
7008,7045
7009,7046
7010,7047
7011,7048
7014,7051
7016,7053
7017,7054
7018,7055
7019,7056
7020,7057
7022,7059
7023,7060
7024,7061
7025,7062
7026,7063
7027,7064
7028,7065
7029,7066
7031,7068
7032,7069
7033,7070
7034,7071
7035,7072
7036,7073
7037,7074
7038,7075
7040,7077
7041,7078
7042,7079
7043,7080
7044,7081
7045,7082
7046,7083
7047,7084
7048,7085
7049,7086
7050,7087
7051,7088
7052,7089
7053,7090
7054,7091
7055,7092
7056,7093
7057,7094
7058,7095
7059,7096
7060,7097
7061,7098
7062,7099
7063,7100
7064,7101
7065,7102
7066,7103
7067,7104
7068,7105
7069,7106
7070,7107
7071,7108
7072,7109
7073,7110
7074,7111
7075,7112
7076,7113
7077,7114
7078,7115
7079,7116
7083,7120
7084,7121
7085,7122
7087,7124
7088,7125
7089,7126
7090,7127
7091,7128
7092,7129
7093,7130
7094,7131
7095,7132
7096,7133
7097,7134
7098,7135
7099,7136
7100,7137
7102,7139
7103,7140
7104,7141
7105,7142
7106,7143
7107,7144
7108,7145
7109,7146
7110,7147
7111,7148
7112,7149
7113,7150
7114,7151
7115,7152
7116,7153
7117,7154
7118,7155
7119,7156
7120,7157
7121,7158
7122,7159
7123,7160
7124,7161
7125,7162
7126,7163
7127,7164
7128,7165
7129,7166
7130,7167
7131,7168
7132,7169
7133,7170
7134,7171
7138,7175
7139,7176
7141,7178
7142,7179
7143,7180
7144,7181
7145,7182
7146,7183
7147,7184
7148,7185
7151,7188
7152,7189
7153,7190
7154,7191
7155,7192
7156,7193
7157,7194
7158,7195
7159,7196
7161,7198
7167,7204
7168,7205
7170,7207
7171,7208
7173,7210
7174,7211
7177,7214
7178,7215
7179,7216
7180,7217
7181,7218
7182,7219
7183,7220
7184,7221
7185,7222
7186,7223
7188,7225
7189,7226
7191,7228
7193,7230
7195,7232
7196,7233
7197,7234
7198,7235
7199,7236
7200,7237
7201,7238
7202,7239
7203,7240
7204,7241
7205,7242
7206,7243
7207,7244
7208,7245
7209,7246
7210,7247
7211,7248
7212,7249
7214,7251
7215,7252
7219,7256
7220,7257
7222,7259
7225,7262
7231,7268
7233,7270
7234,7271
7236,7273
7239,7276
7240,7277
7241,7278
7245,7282
7246,7283
7247,7284
7249,7286
7250,7287
7252,7289
7253,7290
7256,7293
7257,7294
7258,7295
7259,7296
7260,7297
7261,7298
7262,7299
7263,7300
7267,7304
7269,7306
7270,7307
7271,7308
7272,7309
7273,7310
7274,7311
7275,7312
7276,7313
7277,7314
7278,7315
7280,7317
7282,7319
7283,7320
7284,7321
7285,7322
7286,7323
7287,7324
7288,7325
7291,7328
7293,7330
7295,7332
7296,7333
7297,7334
7298,7335
7301,7338
7302,7339
7303,7340
7304,7341
7310,7347
7311,7348
7312,7349
7313,7350
7314,7351
7315,7352
7316,7353
7317,7354
7318,7355
7319,7356
7321,7358
7328,7365
7329,7366
7330,7367
7331,7368
7332,7369
7334,7371
7335,7372
7336,7373
7340,7377
7341,7378
7342,7379
7345,7382
7347,7384
7350,7387
7353,7390
7354,7391
7356,7393
7357,7394
7358,7395
7359,7396
7360,7397
7361,7398
7362,7399
7365,7402
7366,7403
7367,7404
7370,7407
7371,7408
7372,7409
7373,7410
7374,7411
7375,7412
7376,7413
7377,7414
7378,7415
7381,7418
7387,7424
7388,7425
7389,7426
7390,7427
7391,7428
7392,7429
7393,7430
7394,7431
7396,7433
7397,7434
7398,7435
7399,7436
7400,7437
7401,7438
7402,7439
7403,7440
7406,7443
7407,7444
7408,7445
7409,7446
7410,7447
7411,7448
7412,7449
7413,7450
7414,7451
7420,7457
7423,7460
7426,7463
7427,7464
7428,7465
7429,7466
7431,7468
7432,7469
7434,7471
7437,7474
7439,7476
7441,7478
7444,7481
7446,7483
7450,7487
7452,7489
7454,7491
7455,7492
7456,7493
7459,7496
7460,7497
7461,7498
7463,7500
7465,7502
7466,7503
7467,7504
7468,7505
7469,7506
7470,7507
7472,7509
7475,7512
7476,7513
7477,7514
7483,7520
7485,7522
7486,7523
7487,7524
7488,7525
7489,7526
7490,7527
7491,7528
7493,7530
7495,7532
7496,7533
7497,7534
7501,7538
7506,7543
7509,7546
7510,7547
7513,7550
7514,7551
7515,7552
7516,7553
7518,7555
7519,7556
7520,7557
7521,7558
7522,7559
7524,7561
7526,7563
7527,7564
7528,7565
7529,7566
7530,7567
7532,7569
7533,7570
7536,7573
7541,7578
7542,7579
7543,7580
7544,7581
7545,7582
7546,7583
7551,7588
7553,7590
7554,7591
7557,7594
7559,7596
7570,7607
7572,7609
7577,7614
7579,7616
7580,7617
7581,7618
7585,7622
7586,7623
7588,7625
7592,7629
7593,7630
7594,7631
7596,7633
7600,7637
7601,7638
7602,7639
7606,7643
7611,7648
7612,7649
7615,7652
7621,7658
7628,7665
7629,7666
7630,7667
7635,7672
7639,7676
7641,7678
7642,7679
7645,7682
7653,7690
7657,7694
7658,7695
7663,7700
7665,7702
7666,7703
7681,7718
7683,7720
7685,7722
7686,7723
7694,7731
7695,7732
7698,7735
7699,7736
7700,7737
7701,7738
7702,7739
7704,7741
7706,7743
7710,7747
7711,7748
7712,7749
7716,7753
7719,7756
7722,7759
7729,7766
7731,7768
7738,7775
7742,7779
7760,7797
7771,7808
7778,7815
7786,7823
7821,7858
7855,7892
7861,7898
7907,7944
7923,7960
7924,7961
7926,7963
7957,7994
7962,7999
7972,8009
7978,8015
7979,8016
7980,8017
7981,8018
7982,8019
7990,8027
7994,8031
8005,8042
8023,8060
8035,8072
8049,8086
8063,8100
8068,8105
8069,8106
8078,8115
8085,8122
8087,8124
8093,8130
8094,8131
8101,8138
8102,8139
8113,8150
8132,8169
8144,8181
8156,8193
8157,8194
8158,8195
8159,8196
8162,8199
8169,8206
8170,8207
8171,8208
8172,8209
8173,8210
8175,8212
8177,8214
8179,8216
8180,8217
8181,8218
8184,8221
8186,8223
8187,8224
8188,8225
8189,8226
8191,8228
8192,8229
8194,8231
8195,8232
8196,8233
8197,8234
8198,8235
8199,8236
8200,8237
8201,8238
8202,8239
8203,8240
8206,8243
8207,8244
8209,8246
8210,8247
8211,8248
8216,8253
8217,8254
8220,8257
8222,8259
8223,8260
8225,8262
8229,8266
8232,8269
8233,8270
8234,8271
8236,8273
8239,8276
8240,8277
8241,8278
8248,8285
8249,8286
8262,8299
8263,8300
8270,8307
8273,8310
8276,8313
8278,8315
8293,8330
8294,8331
8297,8334
8298,8335
8302,8339
8308,8345
8313,8350
8321,8358
8329,8366
8332,8369
8339,8376
8340,8377
8350,8387
8354,8391
8355,8392
8356,8393
8365,8402
8368,8405
8369,8406
8374,8411
8375,8412
8376,8413
8377,8414
8378,8415
8379,8416
8380,8417
8382,8419
8383,8420
8384,8421
8385,8422
8387,8424
8388,8425
8390,8427
8394,8431
8395,8432
8408,8445
8411,8448
8419,8456
8427,8464
8428,8465
8438,8475
8439,8476
8440,8477
8441,8478
8442,8479
8443,8480
8447,8484
8448,8485
8451,8488
8453,8490
8457,8494
8465,8502
8466,8503
8467,8504
8490,8527
8495,8532
8508,8545
8509,8546
8510,8547
8511,8548
8512,8549
8513,8550
8516,8553
8517,8554
8518,8555
8519,8556
8521,8558
8523,8560
8524,8561
8530,8567
8531,8568
8543,8580
8549,8586
8551,8588
8557,8594
8558,8595
8559,8596
8560,8597
8562,8599
8563,8600
8564,8601
8565,8602
8566,8603
8567,8604
8568,8605
8569,8606
8570,8607
8571,8608
8572,8609
8573,8610
8574,8611
8575,8612
8576,8613
8577,8614
8578,8615
8579,8616
8580,8617
8581,8618
8585,8622
8589,8626
8601,8638
8604,8641
8608,8645
8615,8652
8616,8653
8617,8654
8618,8655
8628,8665
8629,8666
8633,8670
8636,8673
8639,8676
8642,8679
8651,8688
8653,8690
8655,8692
8656,8693
8671,8708
8672,8709
8673,8710
8674,8711
8683,8720
8684,8721
8686,8723
8687,8724
8691,8728
8693,8730
8695,8732
8704,8741
8706,8743
8710,8747
8711,8748
8720,8757
8722,8759
8723,8760
8726,8763
8730,8767
8731,8768
8745,8782
8748,8785
8752,8789
8753,8790
8754,8791
8755,8792
8761,8798
8762,8799
8767,8804
8768,8805
8769,8806
8770,8807
8771,8808
8774,8811
8775,8812
8776,8813
8781,8818
8791,8828
8792,8829
8797,8834
8802,8839
8807,8844
8810,8847
8814,8851
8818,8855
8820,8857
8825,8862
8834,8871
8836,8873
8858,8895
8859,8896
8861,8898
8862,8899
8864,8901
8870,8907
8872,8909
8875,8912
8876,8913
8878,8915
8888,8925
8892,8929
8899,8936
8900,8937
8911,8948
8913,8950
8915,8952
8919,8956
8920,8957
8928,8965
8930,8967
8939,8976
8940,8977
8941,8978
8942,8979
8952,8989
8953,8990
8955,8992
8956,8993
8957,8994
8959,8996
8970,9007
8972,9009
8975,9012
8976,9013
8980,9017
8981,9018
8982,9019
8983,9020
8984,9021
8995,9032
9000,9037
9001,9038
9005,9042
9012,9049
9014,9051
9016,9053
9023,9060
9026,9063
9034,9071
9035,9072
9036,9073
9038,9075
9048,9085
9050,9087
9055,9092
9061,9098
9066,9103
9067,9104
9069,9106
9071,9108
9076,9113
9077,9114
9079,9116
9089,9126
9090,9127
9091,9128
9097,9134
9099,9136
9102,9139
9103,9140
9104,9141
9106,9143
9107,9144
9108,9145
9119,9156
9125,9162
9126,9163
9127,9164
9132,9169
9134,9171
9142,9179
9150,9187
9151,9188
9158,9195
9159,9196
9161,9198
9169,9206
9170,9207
9175,9213
9176,9214
9178,9216
9183,9223
9186,9226
9187,9227
9195,9235
9196,9236
9198,9238
9199,9239
9200,9240
9206,9246
9207,9247
9209,9249
9210,9250
9212,9252
9221,9261
9222,9262
9223,9263
9225,9265
9228,9268
9235,9276
9236,9277
9238,9279
9242,9283
9246,9287
9250,9291
9251,9292
9253,9294
9254,9295
9260,9301
9261,9302
9271,9312
9276,9317
9280,9321
9284,9325
9285,9326
9286,9327
9288,9329
9290,9331
9291,9332
9292,9333
9295,9336
9296,9337
9298,9339
9300,9341
9301,9342
9302,9343
9306,9356
9307,9357
9309,9359
9316,9366
9318,9368
9319,9369
9326,9376
9327,9377
9328,9378
9330,9380
9331,9381
9332,9382
9335,9385
9336,9386
9338,9388
9339,9389
9344,9394
9345,9395
9348,9398
9349,9399
9352,9402
9357,9407
9362,9412
9364,9414
9368,9418
9371,9421
9373,9425
9374,9426
9378,9430
9379,9431
9381,9433
9382,9434
9385,9437
9387,9439
9389,9441
9392,9444
9401,9453
9404,9456
9408,9460
9413,9465
9414,9466
9415,9467
9418,9470
9419,9471
9425,9477
9427,9479
9429,9481
9430,9482
9431,9483
9433,9485
9434,9486
9438,9490
9439,9491
9440,9492
9442,9494
9443,9495
9444,9496
9445,9497
9447,9499
9448,9500
9450,9502
9451,9503
9455,9507
9457,9509
9458,9510
9459,9511
9460,9512
9464,9516
9468,9520
9469,9521
9470,9522
9471,9523
9472,9524
9473,9525
9475,9527
9476,9528
9481,9533
9482,9534
9483,9535
9484,9536
9485,9537
9486,9538
9487,9539
9488,9540
9489,9547
9492,9550
9495,9553
9497,9555
9499,9557
9503,9561
9507,9565
9509,9567
9519,9577
9521,9579
9526,9584
9528,9586
9529,9587
9536,9594
9537,9595
9538,9596
9539,9597
9540,9598
9541,9599
9542,9600
9543,9601
9544,9602
9545,9603
9546,9604
9547,9605
9548,9606
9549,9607
